Treatments,GY_PER_20,POD_LENGTH_65,POD_PLANT_60,POD_SCORE,MVF_INF,MSJ_OBS_1ST,MSJ_OBS_2ND,MSJ_OBS_3RD,MSJ_OBS_4TH,MSJ_OBS_12TH,ACINF_OBS_1ST,ACINF_OBS_2ND,ACINF_OBS_3RD,ACINF_OBS_4TH,ACINF_OBS_5TH,ACINF_OBS_6TH,NP_Grain (g)
E,0.0,0.7021276595744677,0.41116751269035523,0.6666666666666667,1.0,0.8333333333333335,0.0,0.7692307692307687,0.9375,0.0,0.0,0.08888888888888888,0.0,0.6999999999999997,0.5,0.9999999999999996,0.02790697674418602
E,0.14682539682539675,0.17021276595744683,0.010152284263959421,1.0,1.0,0.5833333333333326,0.6842105263157894,0.9230769230769229,0.0,0.625,0.25,0.8666666666666667,0.8,0.5,1.0,0.4444444444444442,0.20465116279069767
E,0.13095238095238082,0.16312056737588643,0.0,1.0,0.8333333333333334,0.7499999999999996,1.0,0.15384615384615374,0.625,0.8125,0.25,0.8666666666666667,0.95,0.3999999999999999,0.6000000000000001,0.9999999999999996,0.0
E,0.1428571428571428,0.0,0.08121827411167515,0.6666666666666667,0.8333333333333334,0.25,0.8947368421052633,0.4615384615384617,0.37500000000000044,0.37499999999999956,0.25,0.7777777777777779,0.8500000000000001,0.2999999999999998,0.20000000000000018,0.4444444444444442,0.013953488372092981
